Date,Temperature,Humidity,Precipitation
2025-01-01,17.7,73.9,31.6
2025-01-02,15.8,78.3,0.0
2025-01-03,18.2,76.7,6.1
2025-01-04,20.9,77.3,0.0
2025-01-05,15.6,71.1,0.0
2025-01-06,15.7,76.6,0.0
2025-01-07,21.2,79.9,0.0
2025-01-08,18.8,86.5,0.0
2025-01-09,15.1,83.0,0.0
2025-01-10,18.2,91.3,6.4
2025-01-11,15.3,70.8,0.0
2025-01-12,15.3,82.2,0.0
2025-01-13,29.5,77.3,0.0
2025-01-14,11.1,91.2,0.0
2025-01-15,11.7,70.1,0.0
2025-01-16,15.3,69.8,0.0
2025-01-17,14.0,71.4,0.0
2025-01-18,18.1,60.6,0.0
2025-01-19,14.5,71.7,0.0
2025-01-20,13.0,70.0,0.0
2025-01-21,21.7,76.3,0.0
2025-01-22,16.8,77.5,6.2
2025-01-23,17.7,88.1,0.0
2025-01-24,13.3,81.5,0.0
2025-01-25,16.1,70.7,13.4
2025-01-26,18.1,68.3,0.0
2025-01-27,14.4,77.9,0.0
2025-01-28,19.1,65.1,0.0
2025-01-29,16.3,87.1,0.0
2025-01-30,17.3,82.4,0.0
2025-01-31,16.5,70.7,0.0
2025-02-01,23.9,61.8,0.0
2025-02-02,18.4,83.2,0.0
2025-02-03,15.4,72.7,0.0
2025-02-04,21.2,82.1,0.0
2025-02-05,,62.1,0.0
2025-02-06,19.6,68.9,0.0
2025-02-07,13.2,73.0,0.0
2025-02-08,15.2,73.1,2.6
2025-02-09,19.9,69.5,0.0
2025-02-10,21.6,76.8,0.0
2025-02-11,10.0,64.8,13.1
2025-02-12,19.3,71.1,0.0
2025-02-13,18.9,72.8,0.0
2025-02-14,15.5,75.4,0.0
2025-02-15,17.9,76.6,0.0
2025-02-16,18.8,63.6,3.9
2025-02-17,23.5,60.5,6.1
2025-02-18,21.5,80.0,0.0
2025-02-19,15.3,73.3,0.0
2025-02-20,21.7,65.5,0.0
2025-02-21,19.7,81.4,0.0
2025-02-22,28.9,71.2,0.0
2025-02-23,22.9,78.4,0.0
2025-02-24,24.3,70.5,0.0
2025-02-25,24.2,84.2,0.0
2025-02-26,19.0,81.9,0.0
2025-02-27,20.7,67.7,0.0
2025-02-28,22.8,76.0,0.0
2025-03-01,24.9,73.6,9.8
2025-03-02,20.7,78.4,0.0
2025-03-03,21.7,61.9,6.9
2025-03-04,19.1,73.3,0.0
2025-03-05,19.0,75.7,0.0
2025-03-06,25.1,55.8,0.0
2025-03-07,26.9,59.6,0.0
2025-03-08,22.8,53.4,0.0
2025-03-09,26.2,65.6,0.0
2025-03-10,24.4,72.3,0.0
2025-03-11,21.5,77.6,0.0
2025-03-12,24.7,67.4,0.0
2025-03-13,28.4,78.0,0.0
2025-03-14,23.8,,0.0
2025-03-15,28.8,54.3,0.0
2025-03-16,16.4,65.6,0.0
2025-03-17,26.8,68.5,0.0
2025-03-18,24.8,65.4,0.0
2025-03-19,23.8,50.9,2.2
2025-03-20,25.1,64.6,0.0
2025-03-21,19.0,55.9,0.0
2025-03-22,24.5,69.5,0.0
2025-03-23,26.4,67.2,0.0
2025-03-24,29.9,57.8,0.0
2025-03-25,24.1,60.6,64.8
2025-03-26,23.3,56.6,70.0
2025-03-27,24.4,63.3,0.0
2025-03-28,28.8,70.2,0.0
2025-03-29,27.2,56.5,0.0
2025-03-30,24.8,66.7,0.0
2025-03-31,28.1,59.2,0.0
2025-04-01,27.0,57.2,0.0
2025-04-02,29.8,61.8,0.0
2025-04-03,24.9,55.1,0.0
2025-04-04,26.2,58.3,0.0
2025-04-05,26.1,53.6,1.3
2025-04-06,23.1,75.5,
2025-04-07,28.5,61.8,0.0
2025-04-08,28.5,56.4,2.1
2025-04-09,27.9,62.6,4.2
2025-04-10,27.3,60.2,0.0
2025-04-11,23.9,59.2,0.0
2025-04-12,27.1,64.9,0.0
2025-04-13,27.4,65.7,25.2
2025-04-14,26.2,56.5,0.0
2025-04-15,28.3,56.0,0.0
2025-04-16,30.1,57.9,0.0
2025-04-17,34.7,43.5,0.0
2025-04-18,29.7,48.8,0.0
2025-04-19,30.1,68.8,0.0
2025-04-20,29.2,70.6,0.0
2025-04-21,34.8,57.2,17.0
2025-04-22,29.6,62.8,5.5
2025-04-23,30.0,60.7,0.0
2025-04-24,37.4,79.9,4.9
2025-04-25,29.5,66.0,0.0
2025-04-26,31.1,57.1,0.0
2025-04-27,30.2,51.2,0.0
2025-04-28,27.0,46.5,0.0
2025-04-29,34.0,59.0,0.0
2025-04-30,33.0,52.1,0.0
2025-05-01,33.2,47.3,0.0
2025-05-02,28.2,52.5,0.0
2025-05-03,35.3,49.3,0.0
2025-05-04,27.0,68.6,0.0
2025-05-05,33.1,62.8,0.0
2025-05-06,38.0,56.4,0.0
2025-05-07,28.5,66.7,0.0
2025-05-08,29.9,56.7,0.0
2025-05-09,32.0,50.0,0.0
2025-05-10,30.3,66.6,0.0
2025-05-11,27.3,59.5,10.3
2025-05-12,32.2,48.4,20.3
2025-05-13,28.9,54.2,10.9
2025-05-14,33.6,49.3,3.4
2025-05-15,29.5,45.6,16.4
2025-05-16,37.0,61.6,33.9
2025-05-17,30.1,68.4,10.8
2025-05-18,31.6,45.1,5.6
2025-05-19,35.1,58.7,0.0
2025-05-20,29.0,50.1,0.0
2025-05-21,33.5,51.2,28.0
2025-05-22,36.8,50.3,0.0
2025-05-23,28.1,48.3,6.4
2025-05-24,33.6,54.6,0.0
2025-05-25,33.9,48.4,0.0
2025-05-26,35.5,56.0,5.2
2025-05-27,,53.7,11.8
2025-05-28,29.3,52.3,0.0
2025-05-29,34.9,47.5,0.0
2025-05-30,34.3,49.8,3.8
2025-05-31,34.2,59.0,0.0
2025-06-01,34.5,57.2,10.7
2025-06-02,31.5,46.7,0.0
2025-06-03,34.3,54.2,37.7
2025-06-04,34.5,58.7,0.0
2025-06-05,31.5,41.7,0.0
2025-06-06,39.3,57.2,60.0
2025-06-07,35.2,48.7,7.0
2025-06-08,30.2,57.3,22.0
2025-06-09,35.8,47.9,15.1
2025-06-10,30.9,40.6,15.4
2025-06-11,36.2,41.8,3.3
2025-06-12,37.4,53.5,0.0
2025-06-13,31.5,54.9,10.4
2025-06-14,36.8,46.7,11.4
2025-06-15,35.2,57.5,0.0
2025-06-16,36.4,41.4,0.0
2025-06-17,39.7,52.6,0.0
2025-06-18,33.3,44.5,0.0
2025-06-19,31.7,48.4,14.5
2025-06-20,31.3,53.3,10.4
2025-06-21,31.6,47.0,0.0
2025-06-22,33.8,50.3,0.0
2025-06-23,35.0,60.1,14.8
2025-06-24,34.8,49.0,0.0
2025-06-25,36.5,58.9,5.6
2025-06-26,34.0,45.2,9.5
2025-06-27,30.3,56.8,6.2
2025-06-28,33.1,63.2,7.1
2025-06-29,42.1,35.8,12.5
2025-06-30,35.8,47.6,5.9
2025-07-01,31.3,57.2,0.0
2025-07-02,30.6,51.8,18.9
2025-07-03,35.2,55.9,3.9
2025-07-04,33.1,49.1,0.0
2025-07-05,35.9,54.0,0.0
2025-07-06,35.1,52.3,0.0
2025-07-07,33.4,61.7,0.0
2025-07-08,31.0,55.3,17.1
2025-07-09,29.0,56.0,7.3
2025-07-10,32.1,50.8,9.9
2025-07-11,36.0,50.3,10.9
2025-07-12,34.0,50.8,3.6
2025-07-13,29.6,56.7,4.1
2025-07-14,33.8,51.0,0.0
2025-07-15,34.4,56.1,3.3
2025-07-16,30.5,68.7,9.7
2025-07-17,33.5,60.3,0.7
2025-07-18,33.2,52.1,0.0
2025-07-19,29.5,62.8,12.4
2025-07-20,33.9,51.7,0.0
2025-07-21,34.5,40.4,21.7
2025-07-22,35.9,47.7,3.6
2025-07-23,35.8,41.8,9.3
2025-07-24,28.4,52.5,0.0
2025-07-25,29.6,55.2,12.3
2025-07-26,33.9,66.9,0.0
2025-07-27,33.8,57.6,3.3
2025-07-28,33.7,53.9,10.5
2025-07-29,43.6,61.4,0.0
2025-07-30,33.7,,0.0
2025-07-31,35.3,57.5,0.0
2025-08-01,34.6,61.4,0.0
2025-08-02,33.6,45.8,0.0
2025-08-03,30.6,64.3,0.0
2025-08-04,33.7,58.8,0.0
2025-08-05,29.0,53.6,0.0
2025-08-06,30.5,61.1,0.0
2025-08-07,29.7,72.7,24.0
2025-08-08,31.3,58.3,0.0
2025-08-09,37.8,58.9,4.4
2025-08-10,25.2,54.1,85.0
2025-08-11,32.7,51.5,0.0
2025-08-12,25.7,63.4,26.0
2025-08-13,29.0,51.8,0.0
2025-08-14,33.6,58.4,4.7
2025-08-15,30.4,54.8,13.0
2025-08-16,26.8,61.6,0.0
2025-08-17,27.8,60.8,3.0
2025-08-18,31.8,65.9,0.0
2025-08-19,27.5,55.2,0.0
2025-08-20,30.2,57.1,11.7
2025-08-21,29.5,52.3,8.8
2025-08-22,27.3,56.2,12.5
2025-08-23,35.5,62.2,0.0
2025-08-24,30.9,65.0,0.0
2025-08-25,22.7,53.4,0.0
2025-08-26,29.2,66.2,18.6
2025-08-27,26.6,69.8,0.0
2025-08-28,31.0,63.4,0.0
2025-08-29,25.9,73.8,0.0
2025-08-30,27.8,55.4,9.3
2025-08-31,29.5,52.3,0.0
2025-09-01,30.4,48.8,0.0
2025-09-02,15.1,71.9,0.0
2025-09-03,26.5,66.2,40.5
2025-09-04,25.9,61.4,0.0
2025-09-05,25.3,64.0,0.0
2025-09-06,32.4,54.4,15.6
2025-09-07,28.1,79.6,0.0
2025-09-08,23.0,63.5,
2025-09-09,29.4,63.6,17.9
2025-09-10,32.8,68.1,4.4
2025-09-11,29.4,66.6,0.0
2025-09-12,21.6,65.0,7.1
2025-09-13,24.6,58.1,0.0
2025-09-14,29.7,67.2,25.9
2025-09-15,23.6,77.2,0.0
2025-09-16,26.9,73.7,26.0
2025-09-17,27.7,75.6,0.0
2025-09-18,22.5,61.1,0.0
2025-09-19,24.9,58.0,0.0
2025-09-20,15.2,64.2,0.0
2025-09-21,21.7,65.7,26.1
2025-09-22,23.9,73.2,0.0
2025-09-23,20.7,53.9,6.2
2025-09-24,22.2,76.6,38.8
2025-09-25,19.9,65.0,102.9
2025-09-26,22.7,63.4,0.0
2025-09-27,24.2,59.5,0.0
2025-09-28,28.0,55.2,0.0
2025-09-29,19.2,72.7,0.0
2025-09-30,26.9,67.7,21.4
2025-10-01,23.3,58.3,0.0
2025-10-02,20.1,58.5,0.0
2025-10-03,24.3,65.4,0.0
2025-10-04,23.4,79.6,4.8
2025-10-05,20.8,66.3,0.0
2025-10-06,22.7,57.8,0.0
2025-10-07,21.2,66.8,15.2
2025-10-08,,66.8,7.5
2025-10-09,24.0,50.1,0.0
2025-10-10,26.6,68.8,0.0
2025-10-11,18.0,67.7,1.2
2025-10-12,28.0,74.4,0.0
2025-10-13,15.6,82.7,3.4
2025-10-14,20.9,77.8,0.0
2025-10-15,22.9,68.2,0.0
2025-10-16,21.9,62.5,0.0
2025-10-17,19.0,88.5,0.0
2025-10-18,20.1,71.1,0.0
2025-10-19,19.1,70.9,0.0
2025-10-20,18.7,70.8,0.0
2025-10-21,22.9,72.6,0.0
2025-10-22,21.3,70.4,0.0
2025-10-23,27.0,67.5,0.0
2025-10-24,22.7,67.9,13.4
2025-10-25,20.8,71.7,6.2
2025-10-26,22.1,68.2,0.0
2025-10-27,21.5,67.2,0.0
2025-10-28,17.0,73.1,0.0
2025-10-29,17.7,70.8,0.0
2025-10-30,21.5,83.2,0.0
2025-10-31,20.9,54.3,9.9
2025-11-01,18.9,80.7,0.0
2025-11-02,19.2,81.9,0.0
2025-11-03,22.6,58.8,0.0
2025-11-04,16.9,71.1,0.0
2025-11-05,20.2,71.0,0.0
2025-11-06,17.8,63.9,0.0
2025-11-07,17.7,68.4,3.6
2025-11-08,21.5,66.3,15.1
2025-11-09,20.6,86.4,0.0
2025-11-10,20.5,80.8,0.0
2025-11-11,21.8,83.3,0.0
2025-11-12,17.9,79.6,
2025-11-13,19.8,66.8,20.1
2025-11-14,16.7,71.1,7.9
2025-11-15,18.5,78.3,0.0
2025-11-16,17.1,66.5,0.0
2025-11-17,17.7,80.1,0.0
2025-11-18,19.1,73.6,0.0
2025-11-19,14.8,72.7,35.0
2025-11-20,23.4,80.4,0.0
2025-11-21,14.1,78.7,0.0
2025-11-22,13.4,73.1,0.0
2025-11-23,20.4,83.9,0.0
2025-11-24,19.2,68.3,0.0
2025-11-25,18.7,80.2,6.5
2025-11-26,18.6,80.2,2.5
2025-11-27,16.6,,0.0
2025-11-28,13.9,78.5,0.0
2025-11-29,16.8,67.5,0.0
2025-11-30,14.5,82.8,0.0
2025-12-01,19.4,75.1,0.0
2025-12-02,16.0,72.8,0.0
2025-12-03,13.9,83.8,0.0
2025-12-04,15.4,71.6,24.0
2025-12-05,17.5,66.8,0.0
2025-12-06,14.6,65.8,1.5
2025-12-07,13.7,81.0,0.0
2025-12-08,16.9,67.8,0.0
2025-12-09,16.9,89.1,0.0
2025-12-10,14.6,62.3,0.0
2025-12-11,14.7,88.7,0.0
2025-12-12,16.8,78.4,0.0
2025-12-13,11.7,76.2,0.0
2025-12-14,11.8,73.1,6.3
2025-12-15,13.9,79.8,0.0
2025-12-16,15.4,76.7,0.0
2025-12-17,16.9,84.7,3.4
2025-12-18,20.4,77.8,0.0
2025-12-19,18.6,78.1,12.0
2025-12-20,15.5,74.5,12.2
2025-12-21,15.9,76.6,0.0
2025-12-22,13.0,79.1,0.0
2025-12-23,16.0,65.0,0.0
2025-12-24,15.2,67.5,0.0
2025-12-25,17.0,82.2,0.0
2025-12-26,13.6,78.1,0.0
2025-12-27,17.6,75.6,0.0
2025-12-28,20.7,77.0,31.6
2025-12-29,15.8,79.3,0.0
2025-12-30,17.3,73.0,0.0
2025-12-31,18.2,71.3,23.9
